{"polyfill":["/polyfill-ea97b8df2152f5cc4c6f.js"],"app":["/app-de37cafd6eea6fc1a0ae.js"],"component---src-pages-404-js":["/component---src-pages-404-js-948daf19059b021cb1da.js"],"component---src-pages-about-js":["/component---src-pages-about-js-96b4d3e7aaba898779f8.js"],"component---src-pages-blog-js":["/component---src-pages-blog-js-7827485de3d8301d1957.js"],"component---src-pages-contact-js":["/component---src-pages-contact-js-5618c742961153413d60.js"],"component---src-pages-index-js":["/component---src-pages-index-js-855df7bc65f58f18b37b.js"],"component---src-pages-projects-js":["/component---src-pages-projects-js-fc84982ef74bd076ac8a.js"],"component---src-templates-blog-template-js":["/component---src-templates-blog-template-js-c802e3ea9c33c6dacd49.js"],"component---src-templates-projects-template-js":["/component---src-templates-projects-template-js-cfe84e401a962afa27b7.js"]}