{"polyfill":["/polyfill-1cd4f82a442378f7dd12.js"],"app":["/app-5805bdd49651674d0c61.js"],"component---src-pages-404-js":["/component---src-pages-404-js-be617f4fcbb205ecccf5.js"],"component---src-pages-about-js":["/component---src-pages-about-js-2cf10221d9afe27e216d.js"],"component---src-pages-blog-js":["/component---src-pages-blog-js-e7511a0f66c0b7d3e00a.js"],"component---src-pages-contact-js":["/component---src-pages-contact-js-18326041408492059a3d.js"],"component---src-pages-index-js":["/component---src-pages-index-js-3935f9759ae6ffcd2693.js"],"component---src-pages-projects-js":["/component---src-pages-projects-js-dbf021c39f116687fddd.js"],"component---src-templates-blogs-template-js":["/component---src-templates-blogs-template-js-ba252c0cfd1a230d4c09.js"],"component---src-templates-projects-template-js":["/component---src-templates-projects-template-js-4eacfcb775661fc72722.js"]}