{"namedChunkGroups":{"polyfill":{"name":"polyfill","assets":[{"name":"webpack-runtime-cd2cff4e4004bc090c32.js","size":5419},{"name":"polyfill-ea97b8df2152f5cc4c6f.js","size":82647}],"filteredAssets":0,"assetsSize":88066,"filteredAuxiliaryAssets":2,"auxiliaryAssetsSize":222134},"app":{"name":"app","assets":[{"name":"webpack-runtime-cd2cff4e4004bc090c32.js","size":5419},{"name":"styles.a32be4d99ee298ae735f.css","size":26204},{"name":"framework-1f8e7dcf9ce689e3f9b6.js","size":129935},{"name":"95b64a6e-5c0839fe45d31a9cdc7c.js","size":1377},{"name":"31664189-8d8a390138d0cb19a333.js","size":1520},{"name":"1bfc9850-e2601240a6bdb81c88eb.js","size":9580},{"name":"e82996df-5084a3094eb383de728a.js","size":51348},{"name":"app-de37cafd6eea6fc1a0ae.js","size":130073}],"filteredAssets":0,"assetsSize":355456,"filteredAuxiliaryAssets":7,"auxiliaryAssetsSize":3605381},"component---src-pages-404-js":{"name":"component---src-pages-404-js","assets":[{"name":"styles.a32be4d99ee298ae735f.css","size":26204},{"name":"commons-6afa9fa7da30846da2e2.js","size":149648},{"name":"component---src-pages-404-js-948daf19059b021cb1da.js","size":6787}],"filteredAssets":0,"assetsSize":182639,"filteredAuxiliaryAssets":2,"auxiliaryAssetsSize":747800},"component---src-pages-about-js":{"name":"component---src-pages-about-js","assets":[{"name":"styles.a32be4d99ee298ae735f.css","size":26204},{"name":"commons-6afa9fa7da30846da2e2.js","size":149648},{"name":"component---src-pages-about-js-96b4d3e7aaba898779f8.js","size":7034}],"filteredAssets":0,"assetsSize":182886,"filteredAuxiliaryAssets":2,"auxiliaryAssetsSize":749047},"component---src-pages-blog-js":{"name":"component---src-pages-blog-js","assets":[{"name":"styles.a32be4d99ee298ae735f.css","size":26204},{"name":"commons-6afa9fa7da30846da2e2.js","size":149648},{"name":"component---src-pages-blog-js-7827485de3d8301d1957.js","size":6918}],"filteredAssets":0,"assetsSize":182770,"filteredAuxiliaryAssets":2,"auxiliaryAssetsSize":748951},"component---src-pages-contact-js":{"name":"component---src-pages-contact-js","assets":[{"name":"styles.a32be4d99ee298ae735f.css","size":26204},{"name":"commons-6afa9fa7da30846da2e2.js","size":149648},{"name":"component---src-pages-contact-js-5618c742961153413d60.js","size":513}],"filteredAssets":0,"assetsSize":176365,"filteredAuxiliaryAssets":2,"auxiliaryAssetsSize":728934},"component---src-pages-index-js":{"name":"component---src-pages-index-js","assets":[{"name":"styles.a32be4d99ee298ae735f.css","size":26204},{"name":"commons-6afa9fa7da30846da2e2.js","size":149648},{"name":"component---src-pages-index-js-855df7bc65f58f18b37b.js","size":7144}],"filteredAssets":0,"assetsSize":182996,"filteredAuxiliaryAssets":2,"auxiliaryAssetsSize":749717},"component---src-pages-projects-js":{"name":"component---src-pages-projects-js","assets":[{"name":"styles.a32be4d99ee298ae735f.css","size":26204},{"name":"commons-6afa9fa7da30846da2e2.js","size":149648},{"name":"component---src-pages-projects-js-fc84982ef74bd076ac8a.js","size":6934}],"filteredAssets":0,"assetsSize":182786,"filteredAuxiliaryAssets":2,"auxiliaryAssetsSize":749146},"component---src-templates-blog-template-js":{"name":"component---src-templates-blog-template-js","assets":[{"name":"styles.a32be4d99ee298ae735f.css","size":26204},{"name":"commons-6afa9fa7da30846da2e2.js","size":149648},{"name":"component---src-templates-blog-template-js-c802e3ea9c33c6dacd49.js","size":767}],"filteredAssets":0,"assetsSize":176619,"filteredAuxiliaryAssets":2,"auxiliaryAssetsSize":729654},"component---src-templates-projects-template-js":{"name":"component---src-templates-projects-template-js","assets":[{"name":"styles.a32be4d99ee298ae735f.css","size":26204},{"name":"commons-6afa9fa7da30846da2e2.js","size":149648},{"name":"component---src-templates-projects-template-js-cfe84e401a962afa27b7.js","size":7141}],"filteredAssets":0,"assetsSize":182993,"filteredAuxiliaryAssets":2,"auxiliaryAssetsSize":749350}},"assetsByChunkName":{"polyfill":["webpack-runtime-cd2cff4e4004bc090c32.js","polyfill-ea97b8df2152f5cc4c6f.js"],"app":["webpack-runtime-cd2cff4e4004bc090c32.js","styles.a32be4d99ee298ae735f.css","framework-1f8e7dcf9ce689e3f9b6.js","95b64a6e-5c0839fe45d31a9cdc7c.js","31664189-8d8a390138d0cb19a333.js","1bfc9850-e2601240a6bdb81c88eb.js","e82996df-5084a3094eb383de728a.js","app-de37cafd6eea6fc1a0ae.js"],"component---src-pages-404-js":["styles.a32be4d99ee298ae735f.css","commons-6afa9fa7da30846da2e2.js","component---src-pages-404-js-948daf19059b021cb1da.js"],"component---src-pages-about-js":["styles.a32be4d99ee298ae735f.css","commons-6afa9fa7da30846da2e2.js","component---src-pages-about-js-96b4d3e7aaba898779f8.js"],"component---src-pages-blog-js":["styles.a32be4d99ee298ae735f.css","commons-6afa9fa7da30846da2e2.js","component---src-pages-blog-js-7827485de3d8301d1957.js"],"component---src-pages-contact-js":["styles.a32be4d99ee298ae735f.css","commons-6afa9fa7da30846da2e2.js","component---src-pages-contact-js-5618c742961153413d60.js"],"component---src-pages-index-js":["styles.a32be4d99ee298ae735f.css","commons-6afa9fa7da30846da2e2.js","component---src-pages-index-js-855df7bc65f58f18b37b.js"],"component---src-pages-projects-js":["styles.a32be4d99ee298ae735f.css","commons-6afa9fa7da30846da2e2.js","component---src-pages-projects-js-fc84982ef74bd076ac8a.js"],"component---src-templates-blog-template-js":["styles.a32be4d99ee298ae735f.css","commons-6afa9fa7da30846da2e2.js","component---src-templates-blog-template-js-c802e3ea9c33c6dacd49.js"],"component---src-templates-projects-template-js":["styles.a32be4d99ee298ae735f.css","commons-6afa9fa7da30846da2e2.js","component---src-templates-projects-template-js-cfe84e401a962afa27b7.js"]},"childAssetsByChunkName":{}}