{"namedChunkGroups":{"polyfill":{"name":"polyfill","assets":[{"name":"webpack-runtime-0d62d7d98b39384e411b.js","size":5546},{"name":"polyfill-1cd4f82a442378f7dd12.js","size":85302}],"filteredAssets":0,"assetsSize":90848,"filteredAuxiliaryAssets":2,"auxiliaryAssetsSize":228782},"app":{"name":"app","assets":[{"name":"webpack-runtime-0d62d7d98b39384e411b.js","size":5546},{"name":"styles.e294338989cefc6191e7.css","size":26771},{"name":"framework-1f8e7dcf9ce689e3f9b6.js","size":129935},{"name":"app-5805bdd49651674d0c61.js","size":108341}],"filteredAssets":0,"assetsSize":270593,"filteredAuxiliaryAssets":3,"auxiliaryAssetsSize":793554},"component---src-pages-404-js":{"name":"component---src-pages-404-js","assets":[{"name":"styles.e294338989cefc6191e7.css","size":26771},{"name":"1bfc9850-e2601240a6bdb81c88eb.js","size":9580},{"name":"95b64a6e-5c0839fe45d31a9cdc7c.js","size":1377},{"name":"31664189-8d8a390138d0cb19a333.js","size":1520},{"name":"commons-4f7322dfb8c38cad7d9d.js","size":263848},{"name":"component---src-pages-404-js-be617f4fcbb205ecccf5.js","size":1297}],"filteredAssets":0,"assetsSize":304393,"filteredAuxiliaryAssets":5,"auxiliaryAssetsSize":3651664},"component---src-pages-about-js":{"name":"component---src-pages-about-js","assets":[{"name":"styles.e294338989cefc6191e7.css","size":26771},{"name":"1bfc9850-e2601240a6bdb81c88eb.js","size":9580},{"name":"95b64a6e-5c0839fe45d31a9cdc7c.js","size":1377},{"name":"31664189-8d8a390138d0cb19a333.js","size":1520},{"name":"commons-4f7322dfb8c38cad7d9d.js","size":263848},{"name":"component---src-pages-about-js-2cf10221d9afe27e216d.js","size":1644}],"filteredAssets":0,"assetsSize":304740,"filteredAuxiliaryAssets":5,"auxiliaryAssetsSize":3653440},"component---src-pages-blog-js":{"name":"component---src-pages-blog-js","assets":[{"name":"styles.e294338989cefc6191e7.css","size":26771},{"name":"1bfc9850-e2601240a6bdb81c88eb.js","size":9580},{"name":"95b64a6e-5c0839fe45d31a9cdc7c.js","size":1377},{"name":"31664189-8d8a390138d0cb19a333.js","size":1520},{"name":"commons-4f7322dfb8c38cad7d9d.js","size":263848},{"name":"component---src-pages-blog-js-e7511a0f66c0b7d3e00a.js","size":740}],"filteredAssets":0,"assetsSize":303836,"filteredAuxiliaryAssets":5,"auxiliaryAssetsSize":3651335},"component---src-pages-contact-js":{"name":"component---src-pages-contact-js","assets":[{"name":"styles.e294338989cefc6191e7.css","size":26771},{"name":"1bfc9850-e2601240a6bdb81c88eb.js","size":9580},{"name":"95b64a6e-5c0839fe45d31a9cdc7c.js","size":1377},{"name":"31664189-8d8a390138d0cb19a333.js","size":1520},{"name":"commons-4f7322dfb8c38cad7d9d.js","size":263848},{"name":"component---src-pages-contact-js-18326041408492059a3d.js","size":821}],"filteredAssets":0,"assetsSize":303917,"filteredAuxiliaryAssets":5,"auxiliaryAssetsSize":3651070},"component---src-pages-index-js":{"name":"component---src-pages-index-js","assets":[{"name":"styles.e294338989cefc6191e7.css","size":26771},{"name":"1bfc9850-e2601240a6bdb81c88eb.js","size":9580},{"name":"95b64a6e-5c0839fe45d31a9cdc7c.js","size":1377},{"name":"31664189-8d8a390138d0cb19a333.js","size":1520},{"name":"commons-4f7322dfb8c38cad7d9d.js","size":263848},{"name":"component---src-pages-index-js-3935f9759ae6ffcd2693.js","size":955}],"filteredAssets":0,"assetsSize":304051,"filteredAuxiliaryAssets":5,"auxiliaryAssetsSize":3652336},"component---src-pages-projects-js":{"name":"component---src-pages-projects-js","assets":[{"name":"styles.e294338989cefc6191e7.css","size":26771},{"name":"1bfc9850-e2601240a6bdb81c88eb.js","size":9580},{"name":"95b64a6e-5c0839fe45d31a9cdc7c.js","size":1377},{"name":"31664189-8d8a390138d0cb19a333.js","size":1520},{"name":"commons-4f7322dfb8c38cad7d9d.js","size":263848},{"name":"component---src-pages-projects-js-dbf021c39f116687fddd.js","size":758}],"filteredAssets":0,"assetsSize":303854,"filteredAuxiliaryAssets":5,"auxiliaryAssetsSize":3651515},"component---src-templates-blogs-template-js":{"name":"component---src-templates-blogs-template-js","assets":[{"name":"styles.e294338989cefc6191e7.css","size":26771},{"name":"1bfc9850-e2601240a6bdb81c88eb.js","size":9580},{"name":"95b64a6e-5c0839fe45d31a9cdc7c.js","size":1377},{"name":"31664189-8d8a390138d0cb19a333.js","size":1520},{"name":"commons-4f7322dfb8c38cad7d9d.js","size":263848},{"name":"component---src-templates-blogs-template-js-ba252c0cfd1a230d4c09.js","size":1091}],"filteredAssets":0,"assetsSize":304187,"filteredAuxiliaryAssets":5,"auxiliaryAssetsSize":3651723},"component---src-templates-projects-template-js":{"name":"component---src-templates-projects-template-js","assets":[{"name":"styles.e294338989cefc6191e7.css","size":26771},{"name":"1bfc9850-e2601240a6bdb81c88eb.js","size":9580},{"name":"95b64a6e-5c0839fe45d31a9cdc7c.js","size":1377},{"name":"31664189-8d8a390138d0cb19a333.js","size":1520},{"name":"commons-4f7322dfb8c38cad7d9d.js","size":263848},{"name":"component---src-templates-projects-template-js-4eacfcb775661fc72722.js","size":971}],"filteredAssets":0,"assetsSize":304067,"filteredAuxiliaryAssets":5,"auxiliaryAssetsSize":3651726}},"assetsByChunkName":{"polyfill":["webpack-runtime-0d62d7d98b39384e411b.js","polyfill-1cd4f82a442378f7dd12.js"],"app":["webpack-runtime-0d62d7d98b39384e411b.js","styles.e294338989cefc6191e7.css","framework-1f8e7dcf9ce689e3f9b6.js","app-5805bdd49651674d0c61.js"],"component---src-pages-404-js":["styles.e294338989cefc6191e7.css","1bfc9850-e2601240a6bdb81c88eb.js","95b64a6e-5c0839fe45d31a9cdc7c.js","31664189-8d8a390138d0cb19a333.js","commons-4f7322dfb8c38cad7d9d.js","component---src-pages-404-js-be617f4fcbb205ecccf5.js"],"component---src-pages-about-js":["styles.e294338989cefc6191e7.css","1bfc9850-e2601240a6bdb81c88eb.js","95b64a6e-5c0839fe45d31a9cdc7c.js","31664189-8d8a390138d0cb19a333.js","commons-4f7322dfb8c38cad7d9d.js","component---src-pages-about-js-2cf10221d9afe27e216d.js"],"component---src-pages-blog-js":["styles.e294338989cefc6191e7.css","1bfc9850-e2601240a6bdb81c88eb.js","95b64a6e-5c0839fe45d31a9cdc7c.js","31664189-8d8a390138d0cb19a333.js","commons-4f7322dfb8c38cad7d9d.js","component---src-pages-blog-js-e7511a0f66c0b7d3e00a.js"],"component---src-pages-contact-js":["styles.e294338989cefc6191e7.css","1bfc9850-e2601240a6bdb81c88eb.js","95b64a6e-5c0839fe45d31a9cdc7c.js","31664189-8d8a390138d0cb19a333.js","commons-4f7322dfb8c38cad7d9d.js","component---src-pages-contact-js-18326041408492059a3d.js"],"component---src-pages-index-js":["styles.e294338989cefc6191e7.css","1bfc9850-e2601240a6bdb81c88eb.js","95b64a6e-5c0839fe45d31a9cdc7c.js","31664189-8d8a390138d0cb19a333.js","commons-4f7322dfb8c38cad7d9d.js","component---src-pages-index-js-3935f9759ae6ffcd2693.js"],"component---src-pages-projects-js":["styles.e294338989cefc6191e7.css","1bfc9850-e2601240a6bdb81c88eb.js","95b64a6e-5c0839fe45d31a9cdc7c.js","31664189-8d8a390138d0cb19a333.js","commons-4f7322dfb8c38cad7d9d.js","component---src-pages-projects-js-dbf021c39f116687fddd.js"],"component---src-templates-blogs-template-js":["styles.e294338989cefc6191e7.css","1bfc9850-e2601240a6bdb81c88eb.js","95b64a6e-5c0839fe45d31a9cdc7c.js","31664189-8d8a390138d0cb19a333.js","commons-4f7322dfb8c38cad7d9d.js","component---src-templates-blogs-template-js-ba252c0cfd1a230d4c09.js"],"component---src-templates-projects-template-js":["styles.e294338989cefc6191e7.css","1bfc9850-e2601240a6bdb81c88eb.js","95b64a6e-5c0839fe45d31a9cdc7c.js","31664189-8d8a390138d0cb19a333.js","commons-4f7322dfb8c38cad7d9d.js","component---src-templates-projects-template-js-4eacfcb775661fc72722.js"]},"childAssetsByChunkName":{}}