{"data":{"allStrapiProjectsCategories":{"nodes":[{"title":"0","id":"Projects-categories_9","name":"Все","name_eng":"All"},{"title":"corporation","id":"Projects-categories_6","name":"Корпоративные","name_eng":"Corporate"},{"title":"landings","id":"Projects-categories_7","name":"Лэндинги","name_eng":"Landings"},{"title":"commercial","id":"Projects-categories_10","name":"Магазины","name_eng":"Shops"},{"title":"portals","id":"Projects-categories_8","name":"Порталы","name_eng":"Portals"}]}}}