{"data":{"allStrapiProjectsCategories":{"nodes":[{"title":"0","id":"Projects-categories_1","name":"все","name_eng":"all"},{"title":"corporation","id":"Projects-categories_2","name":"корпоративные","name_eng":"corporate"},{"title":"landings","id":"Projects-categories_3","name":"лэндинги","name_eng":"landings"},{"title":"commercial","id":"Projects-categories_5","name":"магазины","name_eng":"shops"},{"title":"portals","id":"Projects-categories_4","name":"порталы","name_eng":"portals"}]}}}