{"data":{"allStrapiServices":{"nodes":[{"title":"Создание сайтов и приложений","title_eng":"Website and application development","content":"Разработка по готовому техническому заданию, помощь в его составлении, поддержка и консультирование после сдачи проекта","content_eng":"Development of a ready-made technical assignment, assistance in its preparation, support and advice after the delivery of the project.","id":"Services_1"},{"title":"Оптимизация и улучшение","title_eng":"Optimization and improvement","content":"Оптимизация структуры сайта для повышения скорости загрузки страницы, увеличения посещаемости и улучшения обработки поисковыми системами.","content_eng":"Optimization of the site structure to increase page load speed, increase traffic and improve search engine processing.","id":"Services_2"},{"title":"Доработка front-end","title_eng":"Refinement of the front-end","content":"Разработка новых модулей интерфейса или доработка уже существующих, исправление верстки, адаптация под разные разрешения экрана.","content_eng":"Development of new interface modules or revision of existing ones, correction of layout, adaptation to different screen resolutions.","id":"Services_3"}]}}}