{"data":{"allStrapiJobs":{"nodes":[{"strapiId":2,"company":"KlatcenKlatcen","date_eng":"July 2019 - January 2021","date":"июль 2019 - январь 2021","position":"web-разработчик","position_eng":"web-developer","desc":[{"name":"Работа с CMS WordPress, Bitrix | заполнение контентом, оптимизация процесса загрузки сайта, верстка и натяжка отдельных модулей (страниц);","name_eng":"Working with CMS WordPress, Bitrix | filling with content, optimization of the site loading process, layout and stretching of individual modules (pages);","id":3},{"name":"Верстка макетов Photoshop && Figma;","name_eng":"Layout pages with models from Photoshop && Figma;","id":4},{"name":"Используемые технологии: HTML, CSS, JS, React, Gulp, Bootstrap4.","name_eng":"Stack technology: HTML, CSS, JS, React, Gulp, Bootstrap4.","id":5}]},{"strapiId":1,"company":"Frilance","date_eng":"April 2019 - July 2019","date":"апрель 2019 - июль 2019","position":"web-разработчик","position_eng":"web-developer","desc":[{"name":"Выполнение правок верстки (HTML, CSS), добавление и правка скриптов на Jquery;","name_eng":"Editing layout (HTML, CSS), adding and editing scripts in Jquery;","id":1},{"name":"Работа с заказами на оптимизацию загрузки сайта PageSpeed.","name_eng":"Working with orders to optimize the loading of the website PageSpeed.","id":2}]}]}}}